{
  "module": "A2_zonly",
  "mean_rouge_l": 0.23750155062916228,
  "std_rouge_l": 0.12079162243622495,
  "p50": 0.21054836412383227,
  "p90": 0.4179773267016176
}